FileName;Group;ShortName;Color
Human-Brain-AM7962-130ng_rep1_(miRNA-4_1-Array-Plate).CEL;Brain;Brain1;blue
Human-Brain-AM7962-130ng_rep2_(miRNA-4_1-Array-Plate).CEL;Brain;Brain2;blue
Human-Brain-AM7962-130ng_rep3_(miRNA-4_1-Array-Plate).CEL;Brain;Brain3;blue
Human-Brain-AM7962-130ng_rep4_(miRNA-4_1-Array-Plate).CEL;Brain;Brain4;blue
Human-Lung-AM7968-130ng_rep1_(miRNA-4_1-Array-Plate).CEL;Lung;Lung1;green
Human-Lung-AM7968-130ng_rep2_(miRNA-4_1-Array-Plate).CEL;Lung;Lung2;green
Human-Lung-AM7968-130ng_rep3_(miRNA-4_1-Array-Plate).CEL;Lung;Lung3;green
Human-Lung-AM7968-130ng_rep4_(miRNA-4_1-Array-Plate).CEL;Lung;Lung4;green
